eval,score,cl,cd
1,-0.13324791673883907,-1.22999,0.023251
2,-0.06689805292513074,-1.14972,0.019728
3,-0.06583177892684694,-0.97721,0.01708
4,-0.015635441522233895,-1.02017,0.015984
5,-0.004150562593729978,-1.13015,0.017249
6,-0.139060321113469,-1.35796,0.02539
7,0.015295558795576092,-1.22863,0.018063
8,-0.27150077710282916,-0.98199,0.024307
9,-0.06044737058787786,-1.24727,0.02098
10,0.002001526893089911,-1.13656,0.017132
11,-0.12292338849568496,-1.23119,0.02291
12,-0.2978374074749077,-0.96546,0.024973
13,-0.01603649621916725,-1.0209,0.016009
14,-0.2456628974819718,-1.16467,0.026173
15,-0.02798264336462719,-1.31112,0.020817
16,-0.05774952019749385,-0.98581,0.016929
17,-0.06737954650090344,-0.97504,0.017101
18,-1.1720711811229982,-1.03945,0.056505
19,-0.06868699188706245,-1.14911,0.019781
20,0.017713247348948857,-1.22236,0.017884
21,-0.14996910787811957,-1.35806,0.025771
22,-0.05303805378869003,-1.03179,0.017461
23,-0.054508181520135146,-1.25623,0.020909
24,0.00607467186007149,-1.21662,0.018202
25,-0.08675395954426146,-1.02116,0.018473
26,-0.015863085657537468,-1.02077,0.016001
27,0.008065702794065932,-1.32612,0.01979
28,-0.08287893568341914,-0.96591,0.017502
29,-0.09163574723221746,-1.1812,0.021065
30,-0.018277996763661375,-1.01218,0.015955
31,-0.06967367997200458,-1.14856,0.019807
32,-0.02766307159959769,-1.02827,0.016525
33,-0.09354898689950625,-0.85701,0.016225
34,0.015227542717309528,-1.207,0.017738
35,-0.06569426571614911,-0.97746,0.017079
36,0.015809663528231765,-1.23556,0.01815
37,0.018325726080038907,-1.2276,0.017942
38,0.018285636450631415,-1.22764,0.017944
39,0.004204161853077482,-1.21536,0.018248
40,-0.009161553894375674,-1.04397,0.016119
41,-0.02870458575016921,-1.27986,0.020369
42,-0.01618688615127245,-1.01844,0.015977
43,-0.03969751445582953,-0.99975,0.016512
44,-0.03622125239173252,-1.00034,0.0164
45,0.012199042302851182,-1.33159,0.019729
46,0.002957017196374978,-1.26925,0.019107
47,0.015538987788168868,-1.23507,0.018152
48,-0.015005667709464543,-1.02023,0.015963
49,0.01651763116685434,-1.24875,0.018325
50,0.006121868029081989,-1.23807,0.018525
51,0.029647918295253928,-1.23552,0.017668
52,0.02278445011113317,-1.2321,0.017855
53,0.016305482797349446,-1.23703,0.018155
54,0.019019142244761755,-1.23481,0.018027
55,0.0046620752933216325,-1.21595,0.018241
56,0.029617689607718156,-1.22772,0.017551
57,-0.004605849408336304,-1.18216,0.018052
58,0.016979838403982206,-1.23858,0.018155
59,0.016054444342357144,-1.23011,0.018059
60,0.011052281879767478,-1.24894,0.018518
61,0.0028875294024320874,-1.22165,0.018389
62,0.023123944738238644,-1.2344,0.017878
63,0.0012917660638321338,-1.13255,0.017096
64,0.012838726360695718,-1.26745,0.018736
65,0.017176303434605744,-1.23216,0.018051
66,0.0337382600387498,-1.2362,0.017536
67,0.02087524226097881,-1.23161,0.017914
68,0.010939390246902603,-1.24095,0.018401
69,0.03719365143438691,-1.24216,0.017506
70,0.015953801944715185,-1.24197,0.018242
71,0.021033077127380673,-1.21856,0.017711
72,0.010963321328857023,-1.22376,0.01814
73,0.01698853976664827,-1.2386,0.018155
74,0.03129596070203344,-1.23204,0.017558
75,0.018235369073637098,-1.23618,0.018075
76,0.01623109676531831,-1.2323,0.018086
77,0.0223422477239944,-1.22963,0.017833
78,0.017023322172333266,-1.22421,0.017936
79,0.015475786805318248,-1.23063,0.018087
80,-0.008208748557178236,-1.06248,0.016366
81,0.008774427452746647,-1.10363,0.016398
82,0.016626442834141053,-1.22713,0.017994
83,0.021061263497505145,-1.2288,0.017865
84,0.030436907966182813,-1.24143,0.01773
85,0.03322902116071402,-1.24091,0.017625
86,0.02973174081978891,-1.22785,0.017549
87,0.031219357029999117,-1.23193,0.017559
88,0.026216859385959357,-1.20246,0.017287
89,0.019380107312287786,-1.23412,0.018004
90,0.028647170864719018,-1.22615,0.017561
91,0.017462299617875265,-1.22251,0.017895
92,0.03658533114230311,-1.24096,0.017509
93,0.029773042243607106,-1.26521,0.018113
94,0.022382003627952618,-1.2321,0.017869
95,0.02373247419238389,-1.22972,0.017786
96,0.033739193536159284,-1.23607,0.017534
97,-0.002622603259333278,-1.29336,0.019666
98,0.03586260899296445,-1.24399,0.01758
99,0.026470018631791048,-1.18137,0.016959
100,0.028661491587578247,-1.27435,0.01829
101,0.018543826079185366,-1.23418,0.018034
102,0.02263522588347877,-1.2381,0.017951
103,0.02196513023426061,-1.22949,0.017844
104,0.02930382998528447,-1.24279,0.01779
105,0.030068401115196486,-1.23424,0.017634
106,0.02632067596599391,-1.20032,0.017251
107,0.029738490588962385,-1.23738,0.017693
108,0.030431216257806537,-1.23514,0.017635
109,0.02630119708378098,-1.20642,0.017344
110,0.027977856435298043,-1.23406,0.017704
111,0.027948840998173963,-1.31447,0.018922
112,0.033340679410189145,-1.24784,0.017726
113,0.03632426867333738,-1.2767,0.018059
114,0.036768235080886,-1.2392,0.017476
115,0.03375923835086314,-1.23605,0.017533
116,0.02966383851042076,-1.22776,0.01755
117,0.03620268034705043,-1.2342,0.01742
118,0.033942216093629796,-1.24321,0.017635
119,0.03672678750470071,-1.23481,0.017411
120,0.031177474209956424,-1.24115,0.0177
121,0.02666013820963109,-1.25713,0.018099
122,0.038124731079142715,-1.2406,0.01745
123,0.028033990843260526,-1.22963,0.017635
124,0.03638237771977204,-1.27723,0.018065
125,-0.0006111045172678686,-1.35659,0.020553
126,0.03490984362048177,-1.2381,0.017524
127,0.03616900676136703,-1.24628,0.017604
128,0.036760359571975876,-1.23383,0.017395
129,0.029591145606617797,-1.27576,0.018279
130,0.03616918208395914,-1.2441,0.017571
131,0.03742423754504198,-1.24269,0.017506
132,0.038142133804475176,-1.24064,0.01745
133,0.03671012603445101,-1.23867,0.01747
134,0.03745662698813179,-1.2351,0.01739
135,-0.0016887105706167027,-1.13713,0.017269
136,0.03465970482342984,-1.23475,0.017482
137,0.033551978880957956,-1.25044,0.017758
138,0.03369419341817326,-1.24634,0.017691
139,0.03628046664327045,-1.24092,0.017519
140,0.02531351249173458,-1.17891,0.016962
141,0.0338602375189343,-1.23615,0.017531
142,0.03396818949299535,-1.22358,0.017337
143,0.04175717630212927,-1.23884,0.017297
144,0.037425646251023625,-1.24157,0.017489
145,0.036768235080886,-1.2392,0.017476
146,0.03861750072925563,-1.23572,0.017359
147,0.03602041001989709,-1.23464,0.017433
148,0.03637419007439169,-1.23803,0.017472
149,0.0371041541212106,-1.24169,0.017502
150,0.03586361016931283,-1.23646,0.017466
151,0.0372079876209801,-1.2377,0.017438
152,0.026902996600489004,-1.29198,0.018618
153,0.03636686357823782,-1.24059,0.017511
154,0.03749791616145959,-1.23982,0.01746
155,0.0314262597294751,-1.20558,0.017153
156,0.03754503240104101,-1.23603,0.017401
157,0.036808449273681654,-1.24253,0.017525
158,0.036510803627149424,-1.23471,0.017417
159,0.03773112277250701,-1.27663,0.018009
160,0.038384221770025095,-1.2408,0.017444
161,0.030168471455102375,-1.19998,0.017112
162,0.03798193368970215,-1.24047,0.017453
163,0.037731919456038265,-1.24049,0.017462
164,0.019006855956826052,-1.30396,0.019074
165,0.038231014425956666,-1.24058,0.017446
166,0.03995041629074236,-1.24995,0.017528
167,0.03351176323216137,-1.1963,0.01694
168,0.037452276306798704,-1.23509,0.01739
169,0.036742130992887256,-1.23914,0.017476
170,0.037419886863708895,-1.24268,0.017506
171,0.03768686245360253,-1.23999,0.017456
172,0.03801536427385488,-1.23797,0.017414
173,0.04721227403744532,-1.23823,0.017098
174,0.028168622176299618,-1.15422,0.016489
175,0.02403961642911273,-1.15061,0.016578
176,0.038124731079142715,-1.2406,0.01745
177,0.03646888084239197,-1.23131,0.017367
178,0.03709481914711488,-1.24299,0.017522
179,0.03745009250626463,-1.23601,0.017404
180,0.036913340834248465,-1.24178,0.01751
181,0.03690484863364374,-1.23588,0.017421
182,0.043558527571385564,-1.22448,0.017017
183,0.039432928213632534,-1.23918,0.017383
184,0.038336980967055845,-1.24122,0.017452
185,0.040242528631755925,-1.25115,0.017536
186,0.020525949701695634,-1.26424,0.01842
187,0.03763125401341627,-1.23788,0.017426
188,0.03761076782960987,-1.23519,0.017386
189,0.038270170557954675,-1.24067,0.017446
190,0.04233864658188735,-1.27057,0.017757
191,0.042392092810518756,-1.23726,0.017251
192,0.03848032736925244,-1.24928,0.017569
193,0.030906389484259444,-1.18344,0.016836
194,0.03813965011796128,-1.24037,0.017446
195,0.039731568911267945,-1.22315,0.01713
196,0.0383006253272864,-1.24074,0.017446
197,0.04810868971465898,-1.23811,0.017065
198,0.033575084109155884,-1.2386,0.017578
199,0.037591147464274055,-1.23977,0.017456
200,0.025600126822699742,-1.2206,0.017583
201,0.04775178156773141,-1.25394,0.017317
202,0.03801381408475035,-1.23757,0.017408
203,0.0434584849457037,-1.23872,0.017236
204,0.04857903850720752,-1.2382,0.01705
205,0.04281315848268652,-1.24021,0.017281
206,0.04604421528329011,-1.24169,0.017191
207,0.032556463413960735,-1.19569,0.016964
208,0.016881650522629132,-1.21992,0.017876
209,0.04270608312158575,-1.24188,0.01731
210,0.03887678838332187,-1.25812,0.017689
211,0.045263130291496534,-1.27194,0.017676
212,0.038356092284349996,-1.24133,0.017453
213,0.027661271882062022,-1.12233,0.016024
214,0.047317182517747025,-1.23563,0.017055
215,0.03276088066968019,-1.30518,0.018614
216,0.04810169694395444,-1.23816,0.017066
217,0.02676440404125613,-1.13791,0.016291
218,0.04673801593266652,-1.24084,0.017154
219,0.04479372579084706,-1.25355,0.017414
220,0.043115454696531885,-1.24923,0.017407
221,0.0475732560247058,-1.23569,0.017047
222,0.04446445967053231,-1.2372,0.017178
223,0.04895256349042587,-1.24038,0.01707
224,0.04769786479977228,-1.25375,0.017316
225,0.014627836277216644,-1.11345,0.016343
226,0.02847567951311325,-1.27128,0.01825
227,0.04358481310722151,-1.23868,0.017231
228,0.031697845921967505,-1.19147,0.01693
229,0.047793415260998395,-1.23798,0.017074
230,0.05019611242736943,-1.27383,0.017533
231,0.04606623473646643,-1.24663,0.017265
232,0.04996614300840918,-1.27383,0.017541
233,0.04722317612038024,-1.23548,0.017056
234,0.052100794273598594,-1.27649,0.017507
235,0.04833247529693652,-1.23466,0.017005
236,0.04384077897052702,-1.23352,0.017144
237,0.049733694572179354,-1.23907,0.017023
238,0.04807557593622119,-1.23995,0.017094
239,0.050125838744384976,-1.2442,0.017087
240,0.04683392316432189,-1.23703,0.017093
241,0.04132053960397791,-1.18848,0.01655
242,0.04506069525549561,-1.23454,0.017117
243,0.0236398167045479,-1.11606,0.016069
244,0.02680678511485085,-1.14217,0.016354
245,0.04832484891480243,-1.23603,0.017026
246,0.051040155400483345,-1.2576,0.017258
247,0.047337986963269185,-1.28847,0.017854
248,0.04706731589245089,-1.25349,0.017334
249,0.04897967488001809,-1.24923,0.017203
250,0.05087015122828753,-1.27604,0.017543
251,0.04562445679869587,-1.24872,0.017312
252,0.050145765120946095,-1.25713,0.017282
253,0.052058791559412176,-1.24785,0.017075
254,0.047577606706039,-1.2357,0.017047
255,0.04556066683837445,-1.22373,0.016936
256,0.04052288999109843,-1.24598,0.017448
257,0.04960921181650191,-1.27519,0.017574
258,0.051393817016834986,-1.27394,0.017493
259,0.04458767520335066,-1.20372,0.016667
260,0.04807714304506028,-1.2385,0.017072
261,0.04893975444795723,-1.23077,0.016925
262,0.04057899989807995,-1.17627,0.016391
263,0.04874612520503263,-1.28391,0.017736
264,0.04810868971465898,-1.23811,0.017065
265,0.04009968982159973,-1.18759,0.016579
266,0.04991340886463558,-1.28025,0.01764
267,0.0512289494150141,-1.27442,0.017506
268,0.048210706978813356,-1.22883,0.016921
269,0.05042281694001838,-1.25704,0.017271
270,0.04702334612103798,-1.28702,0.017843
271,0.05104822315171975,-1.25894,0.017278
272,0.04990887061022009,-1.24978,0.017179
273,0.05023246806713888,-1.27431,0.017539
274,0.050236195931531946,-1.25747,0.017284
275,0.04917908188599324,-1.24394,0.017116
276,0.048653000089870446,-1.23837,0.01705
277,0.05155245002276887,-1.27556,0.017512
278,0.04760386919689513,-1.23543,0.017042
279,0.050805157054801375,-1.28078,0.017617
280,0.050113138801570756,-1.29062,0.01779
281,0.049501010715664595,-1.28102,0.017666
282,0.04216786440313769,-1.18719,0.016501
283,0.049830479872795874,-1.27517,0.017566
284,0.0492597593983603,-1.25734,0.017316
285,0.047894562037437416,-1.25592,0.017342
286,0.03413743082112941,-1.23758,0.017543
287,0.050504886238632585,-1.27117,0.017482
288,0.0488982406488343,-1.28459,0.017741
289,0.047172292051691156,-1.24349,0.017179
290,0.052565654394587435,-1.24809,0.017061
291,0.04850021719517,-1.24271,0.017121
292,0.03357542717309403,-1.16711,0.016496
293,0.050706369401488205,-1.25974,0.017302
294,0.052119147416075595,-1.27455,0.017477
295,0.03021303954247445,-1.11802,0.01587
296,0.048692829798012593,-1.24976,0.017221
297,0.04910180609381565,-1.28334,0.017715
298,0.03827989935519249,-1.16233,0.01626
299,0.05063000873098489,-1.25005,0.017158
300,0.05248145963588935,-1.29646,0.017796
301,0.05097225309111514,-1.25751,0.017259
302,0.05164989052379387,-1.274,0.017485
303,0.049795645251905774,-1.2443,0.0171
304,0.050323640132807546,-1.27855,0.0176
305,0.04966404983138012,-1.24261,0.017079
306,0.04049606623699592,-1.20568,0.016839
307,0.05255728821337147,-1.29637,0.017792
308,0.024483067663374658,-1.10148,0.015819
309,0.05076980259138053,-1.27277,0.017497
310,0.04831502793764508,-1.25649,0.017336
311,0.034894203459558626,-1.14728,0.01615
312,0.050993854220168666,-1.27421,0.017511
313,0.04469724795745689,-1.28577,0.017905
314,0.052083391548266245,-1.27645,0.017507
315,0.052365953627877326,-1.26851,0.017377
316,0.036982542749944,-1.18472,0.016644
317,0.05246082584371492,-1.27593,0.017486
318,0.051397964661351825,-1.29615,0.017829
319,0.03959191798999584,-1.25276,0.017583
320,0.05345042206453898,-1.28131,0.017533
321,0.04592099829447066,-1.22436,0.016933
322,0.05090078132021125,-1.27393,0.01751
323,0.05349873172279551,-1.26596,0.017299
324,0.04922854645421121,-1.25522,0.017285
325,0.052077332274971466,-1.27637,0.017506
326,0.04286286750843615,-1.29272,0.018074
327,0.051243743890444615,-1.27082,0.017451
328,0.04035811311319615,-1.25353,0.017568
329,0.05060526258976389,-1.25442,0.017225
330,0.05194059415882557,-1.27632,0.01751
331,0.04909210209880027,-1.24004,0.01706
332,0.04169405524870762,-1.25964,0.017614
333,0.04385285755240231,-1.22106,0.016955
334,0.0524348355246147,-1.29741,0.017812
335,0.0471119945354781,-1.27837,0.017709
336,0.05155664230124457,-1.2759,0.017517
337,0.03457238664154327,-1.26785,0.017986
338,0.05251020581325938,-1.29646,0.017795
339,0.05203988473493504,-1.27635,0.017507
340,0.04353446580079817,-1.22198,0.01698
341,0.053886717455994826,-1.26705,0.017302
342,0.044634188457728596,-1.28285,0.017863
343,0.053144301137136696,-1.26574,0.017308
344,0.051687937835790176,-1.2764,0.01752
345,0.052585100893332015,-1.2965,0.017793
346,0.0364359269228125,-1.28363,0.01816
347,0.051342162522838075,-1.24726,0.017091
348,0.05356306457062787,-1.28256,0.017548
349,0.03992258814704819,-1.30248,0.018324
350,0.05311414012853982,-1.25054,0.017079
351,0.05197369101752891,-1.27633,0.017509
352,0.053354124222985244,-1.27686,0.017469
353,0.054494008857506326,-1.2958,0.017716
354,0.05314824574483745,-1.31015,0.01798
355,0.05360704046728604,-1.26535,0.017286
356,0.04157409849695526,-1.29359,0.018132
357,0.05355187952144769,-1.28227,0.017544
358,0.05326742273279328,-1.31049,0.017981
359,0.053126281720109414,-1.26517,0.0173
360,0.05061015148936343,-1.28053,0.01762
361,0.05020880157569435,-1.24558,0.017105
362,0.05363564516153335,-1.26383,0.017262
363,0.039421249278903114,-1.37784,0.019482
364,0.04992320679681306,-1.24532,0.017111
365,0.03195052820198463,-1.30748,0.018677
366,0.053105201889588005,-1.27642,0.017471
367,0.05375869762225005,-1.26517,0.017278
368,0.05267602995746978,-1.31032,0.017999
369,0.053806861128139705,-1.28279,0.017543
370,0.031440875669070056,-1.28946,0.018422
371,0.03655598840621638,-1.15328,0.016183
372,0.05379803520208548,-1.2794,0.017492
373,0.05183553807015617,-1.26108,0.017283
374,0.05370591271927261,-1.27714,0.017461
375,0.04992919372192495,-1.28729,0.017746
376,0.05379396748699772,-1.28243,0.017538
377,0.04337672311431584,-1.29291,0.018059
378,0.04836620576706907,-1.23335,0.016984
379,0.03287312177138091,-1.31634,0.018779
380,0.0539638024618464,-1.28249,0.017533
381,0.05382398088722684,-1.27979,0.017497
382,0.050667988364042515,-1.25985,0.017305
383,0.0476606818502458,-1.20781,0.016622
384,0.047092101998386426,-1.26174,0.017458
385,0.056104231490086476,-1.333,0.018223
386,0.04239405198525725,-1.29488,0.018123
387,0.05060439210204859,-1.28164,0.017637
388,0.04989151864409175,-1.24419,0.017095
389,0.053311867712778294,-1.27597,0.017457
390,0.05454373334698981,-1.29565,0.017712
391,0.050392096124175834,-1.25208,0.017197
392,0.047011385977305586,-1.28653,0.017836
393,0.054280310298897017,-1.28368,0.01754
394,0.05342212805076124,-1.26585,0.0173
395,0.04959279947302808,-1.28579,0.017735
396,0.0536615908466746,-1.26422,0.017267
397,0.053894474526762104,-1.28537,0.017579
398,0.05382850689115193,-1.27762,0.017464
399,0.05105374566274912,-1.28373,0.017653
400,0.049731952140748215,-1.2427,0.017078
